wavelength_um,model_reflectance
5.000000000000000000e-01,4.068384461019478593e-01
5.190000000000000169e-01,4.289986476150870476e-01
5.380000000000000338e-01,4.420601778770856805e-01
5.569999999999999396e-01,4.538364334440391223e-01
5.759999999999999565e-01,4.609311994014276270e-01
5.949999999999999734e-01,4.641335669302767419e-01
6.139999999999999902e-01,4.654281502338779020e-01
6.330000000000000071e-01,4.679099421467389774e-01
6.520000000000000240e-01,4.763062114943779624e-01
6.710000000000000409e-01,4.820803859823301063e-01
6.899999999999999467e-01,4.835820649181331032e-01
7.089999999999999636e-01,4.800292829067301370e-01
7.279999999999999805e-01,4.719297683335114124e-01
7.469999999999999973e-01,4.575359642210601874e-01
7.660000000000000142e-01,4.353279022454573655e-01
7.849999999999999201e-01,4.081684364962510636e-01
8.040000000000000480e-01,3.775544804010194100e-01
8.229999999999999538e-01,3.446864548787915705e-01
8.419999999999999707e-01,3.156110979837244424e-01
8.609999999999999876e-01,2.887018184556059408e-01
8.800000000000000044e-01,2.695781104663157457e-01
8.990000000000000213e-01,2.568013010085680170e-01
9.179999999999999272e-01,2.490484713946625461e-01
9.370000000000000551e-01,2.451420648547359138e-01
9.559999999999999609e-01,2.466633998326480393e-01
9.749999999999999778e-01,2.526621366972774951e-01
9.939999999999999947e-01,2.621230227048530481e-01
1.012999999999999901e+00,2.731941048745497036e-01
1.032000000000000028e+00,2.845358569603144150e-01
1.050999999999999934e+00,2.941238438249964005e-01
1.069999999999999840e+00,3.022923596469488938e-01
1.088999999999999968e+00,3.086156806930953067e-01
1.108000000000000096e+00,3.149987217930461103e-01
1.127000000000000002e+00,3.201329318574774874e-01
1.145999999999999908e+00,3.238618148028222787e-01
1.165000000000000036e+00,3.268997146257304198e-01
1.183999999999999941e+00,3.282950455113730626e-01
1.202999999999999847e+00,3.306767040798101465e-01
1.221999999999999975e+00,3.318609776667041378e-01
1.241000000000000103e+00,3.330403315819773780e-01
1.260000000000000009e+00,3.345257079780213916e-01
1.278999999999999915e+00,3.363089649947954562e-01
1.298000000000000043e+00,3.382372391318237415e-01
1.316999999999999948e+00,3.403862484614875727e-01
1.335999999999999854e+00,3.431351482776955897e-01
1.354999999999999982e+00,3.458646554545700136e-01
1.374000000000000110e+00,3.497416463213419147e-01
1.393000000000000016e+00,3.538239313222644178e-01
1.411999999999999922e+00,3.593495502736304692e-01
1.431000000000000050e+00,3.655390513166597577e-01
1.449999999999999956e+00,3.722728693556377477e-01
1.468999999999999861e+00,3.787297948768795774e-01
1.487999999999999989e+00,3.852386167964255148e-01
1.506999999999999895e+00,3.921151136168412044e-01
1.526000000000000023e+00,3.994551329503365777e-01
1.544999999999999929e+00,4.055770347883266291e-01
1.564000000000000057e+00,4.114570411417122764e-01
1.582999999999999963e+00,4.165346372915427753e-01
1.601999999999999869e+00,4.201526787534042851e-01
1.620999999999999996e+00,4.230128773859223035e-01
1.639999999999999902e+00,4.243833625904684936e-01
1.659000000000000030e+00,4.255059458207519074e-01
1.677999999999999936e+00,4.256031106804551434e-01
1.697000000000000064e+00,4.246900949582760876e-01
1.715999999999999970e+00,4.236908712943180388e-01
1.734999999999999876e+00,4.218179585194723469e-01
1.754000000000000004e+00,4.192871391901586420e-01
1.772999999999999909e+00,4.179020906436043958e-01
1.792000000000000037e+00,4.168304777446021347e-01
1.810999999999999943e+00,4.132083911231788642e-01
1.830000000000000071e+00,4.124868583026917723e-01
1.848999999999999977e+00,4.099984450963817251e-01
1.867999999999999883e+00,4.107425977527039418e-01
1.887000000000000011e+00,4.091116825276163715e-01
1.905999999999999917e+00,4.086579137742652468e-01
1.925000000000000044e+00,4.101030787337758277e-01
1.943999999999999950e+00,4.114514227134987712e-01
1.962999999999999856e+00,4.151271651358662274e-01
1.981999999999999984e+00,4.187551088807571764e-01
2.000999999999999890e+00,4.222507025631430100e-01
2.020000000000000018e+00,4.271290855505849304e-01
2.038999999999999702e+00,4.325642755535508699e-01
2.057999999999999829e+00,4.376494222066666384e-01
2.076999999999999957e+00,4.428688381479031211e-01
2.096000000000000085e+00,4.496383939684933106e-01
2.115000000000000213e+00,4.567048081141495963e-01
2.133999999999999897e+00,4.638448284148136147e-01
2.153000000000000025e+00,4.694864948653905135e-01
2.171999999999999709e+00,4.732477828197673153e-01
2.190999999999999837e+00,4.787790509088137303e-01
2.209999999999999964e+00,4.831287944714360849e-01
2.229000000000000092e+00,4.874130320386494408e-01
2.248000000000000220e+00,4.897239563860527056e-01
2.266999999999999904e+00,4.932243966365854049e-01
2.286000000000000032e+00,4.972185039745156132e-01
2.304999999999999716e+00,5.008099449393249580e-01
2.323999999999999844e+00,5.054912628362722149e-01
2.342999999999999972e+00,5.096828734487648394e-01
2.362000000000000099e+00,5.139164730370481271e-01
2.381000000000000227e+00,5.150944650553127557e-01
2.399999999999999911e+00,5.158707032522916736e-01
